timestamp_utc,timestamp_local,station_name,temperature_c,feels_like_c,dew_point_c,humidity_pct,pressure_relative_hpa,pressure_absolute_hpa,wind_speed_kn,wind_gust_kn,max_daily_gust_kn,wind_direction_deg,wind_direction_compass,rain_rate_mm_hr,rain_daily_mm,rain_event_mm,rain_monthly_mm,rain_total_mm,solar_radiation_w_m2,uv_index
2026-10-01T07:00:00Z,2026-10-01T00:00:00-07:00,Brambley,,,,,1011.72,1019.24,0.0,0.0,0.0,260.0,W,0.0,0.0,0.0,0.0,5999.99,,
2026-10-01T07:06:00Z,2026-10-01T00:06:00-07:00,Brambley,,,,,1011.62,1019.13,0.0,0.0,0.0,260.0,W,0.0,0.0,0.0,0.0,5999.99,,
2026-10-01T07:10:00Z,2026-10-01T00:10:00-07:00,Brambley,,,,,1011.62,1019.13,0.0,0.0,0.0,260.0,W,0.0,0.0,0.0,0.0,5999.99,,
2026-10-01T07:15:00Z,2026-10-01T00:15:00-07:00,Brambley,,,,,1011.62,1019.13,0.0,0.0,0.0,260.0,W,0.0,0.0,0.0,0.0,5999.99,,
2026-10-01T07:20:00Z,2026-10-01T00:20:00-07:00,Brambley,,,,,1011.62,1019.13,0.0,0.0,0.0,260.0,W,0.0,0.0,0.0,0.0,5999.99,,
2026-10-01T07:26:00Z,2026-10-01T00:26:00-07:00,Brambley,,,,,1011.51,1019.03,0.0,0.0,0.0,260.0,W,0.0,0.0,0.0,0.0,5999.99,,
2026-10-01T07:30:00Z,2026-10-01T00:30:00-07:00,Brambley,,,,,1011.62,1019.13,0.0,0.0,0.0,260.0,W,0.0,0.0,0.0,0.0,5999.99,,
2026-10-01T07:35:00Z,2026-10-01T00:35:00-07:00,Brambley,,,,,1011.82,1019.34,0.0,0.0,0.0,260.0,W,0.0,0.0,0.0,0.0,5999.99,,
2026-10-01T07:40:00Z,2026-10-01T00:40:00-07:00,Brambley,,,,,1011.92,1019.44,0.0,0.0,0.0,260.0,W,0.0,0.0,0.0,0.0,5999.99,,
2026-10-01T07:46:00Z,2026-10-01T00:46:00-07:00,Brambley,,,,,1011.82,1019.34,0.0,0.0,0.0,260.0,W,0.0,0.0,0.0,0.0,5999.99,,
2026-10-01T07:50:00Z,2026-10-01T00:50:00-07:00,Brambley,,,,,1011.62,1019.13,0.0,0.0,0.0,260.0,W,0.0,0.0,0.0,0.0,5999.99,,
2026-10-01T07:55:00Z,2026-10-01T00:55:00-07:00,Brambley,,,,,1011.31,1018.83,0.0,0.0,0.0,260.0,W,0.0,0.0,0.0,0.0,5999.99,,
2026-10-01T08:00:00Z,2026-10-01T01:00:00-07:00,Brambley,,,,,1011.41,1018.93,0.0,0.0,0.0,260.0,W,0.0,0.0,0.0,0.0,5999.99,,
2026-10-01T08:06:00Z,2026-10-01T01:06:00-07:00,Brambley,,,,,1011.31,1018.83,0.0,0.0,0.0,260.0,W,0.0,0.0,0.0,0.0,5999.99,,
2026-10-01T08:10:00Z,2026-10-01T01:10:00-07:00,Brambley,,,,,1011.62,1019.13,0.0,0.0,0.0,260.0,W,0.0,0.0,0.0,0.0,5999.99,,
2026-10-01T08:15:00Z,2026-10-01T01:15:00-07:00,Brambley,,,,,1011.24,1018.73,0.0,0.0,0.0,260.0,W,0.0,0.0,0.0,0.0,5999.99,,
2026-10-01T08:20:00Z,2026-10-01T01:20:00-07:00,Brambley,,,,,1011.62,1019.13,0.0,0.0,0.0,260.0,W,0.0,0.0,0.0,0.0,5999.99,,
2026-10-01T08:26:00Z,2026-10-01T01:26:00-07:00,Brambley,,,,,1011.62,1019.13,0.0,0.0,0.0,260.0,W,0.0,0.0,0.0,0.0,5999.99,,
2026-10-01T08:30:00Z,2026-10-01T01:30:00-07:00,Brambley,,,,,1011.62,1019.13,0.0,0.0,0.0,260.0,W,0.0,0.0,0.0,0.0,5999.99,,
2026-10-01T08:35:00Z,2026-10-01T01:35:00-07:00,Brambley,,,,,1011.62,1019.13,0.0,0.0,0.0,260.0,W,0.0,0.0,0.0,0.0,5999.99,,
2026-10-01T08:40:00Z,2026-10-01T01:40:00-07:00,Brambley,,,,,1011.82,1019.34,0.0,0.0,0.0,260.0,W,0.0,0.0,0.0,0.0,5999.99,,
2026-10-01T08:45:00Z,2026-10-01T01:45:00-07:00,Brambley,,,,,1011.82,1019.34,0.0,0.0,0.0,260.0,W,0.0,0.0,0.0,0.0,5999.99,,
2026-10-01T08:50:00Z,2026-10-01T01:50:00-07:00,Brambley,,,,,1011.62,1019.13,0.0,0.0,0.0,260.0,W,0.0,0.0,0.0,0.0,5999.99,,
2026-10-01T08:55:00Z,2026-10-01T01:55:00-07:00,Brambley,,,,,1011.51,1019.03,0.0,0.0,0.0,260.0,W,0.0,0.0,0.0,0.0,5999.99,,
2026-10-01T09:00:00Z,2026-10-01T02:00:00-07:00,Brambley,,,,,1011.72,1019.24,0.0,0.0,0.0,260.0,W,0.0,0.0,0.0,0.0,5999.99,,
2026-10-01T09:05:00Z,2026-10-01T02:05:00-07:00,Brambley,,,,,1011.72,1019.24,0.0,0.0,0.0,260.0,W,0.0,0.0,0.0,0.0,5999.99,,
2026-10-01T09:10:00Z,2026-10-01T02:10:00-07:00,Brambley,,,,,1011.62,1019.13,0.0,0.0,0.0,260.0,W,0.0,0.0,0.0,0.0,5999.99,,
2026-10-01T09:15:00Z,2026-10-01T02:15:00-07:00,Brambley,,,,,1011.62,1019.13,0.0,0.0,0.0,260.0,W,0.0,0.0,0.0,0.0,5999.99,,
2026-10-01T09:20:00Z,2026-10-01T02:20:00-07:00,Brambley,,,,,1011.72,1019.24,0.0,0.0,0.0,260.0,W,0.0,0.0,0.0,0.0,5999.99,,
2026-10-01T09:25:00Z,2026-10-01T02:25:00-07:00,Brambley,,,,,1011.72,1019.24,0.0,0.0,0.0,260.0,W,0.0,0.0,0.0,0.0,5999.99,,
2026-10-01T09:30:00Z,2026-10-01T02:30:00-07:00,Brambley,,,,,1011.51,1019.03,0.0,0.0,0.0,260.0,W,0.0,0.0,0.0,0.0,5999.99,,
2026-10-01T09:35:00Z,2026-10-01T02:35:00-07:00,Brambley,,,,,1011.31,1018.83,0.0,0.0,0.0,266.0,W,0.0,0.0,0.0,0.0,5999.99,,
2026-10-01T09:40:00Z,2026-10-01T02:40:00-07:00,Brambley,,,,,1011.31,1018.83,0.0,0.0,0.0,265.0,W,0.0,0.0,0.0,0.0,5999.99,,
2026-10-01T09:45:00Z,2026-10-01T02:45:00-07:00,Brambley,,,,,1011.62,1019.13,0.0,0.0,0.0,265.0,W,0.0,0.0,0.0,0.0,5999.99,,
2026-10-01T09:50:00Z,2026-10-01T02:50:00-07:00,Brambley,,,,,1011.51,1019.03,0.0,0.0,0.0,265.0,W,0.0,0.0,0.0,0.0,5999.99,,
2026-10-01T09:55:00Z,2026-10-01T02:55:00-07:00,Brambley,,,,,1011.62,1019.13,0.0,0.0,0.0,265.0,W,0.0,0.0,0.0,0.0,5999.99,,
2026-10-01T10:00:00Z,2026-10-01T03:00:00-07:00,Brambley,,,,,1011.31,1018.83,0.0,0.0,0.0,265.0,W,0.0,0.0,0.0,0.0,5999.99,,
2026-10-01T10:05:00Z,2026-10-01T03:05:00-07:00,Brambley,,,,,1011.24,1018.73,0.0,0.0,0.0,280.0,W,0.0,0.0,0.0,0.0,5999.99,,
2026-10-01T10:10:00Z,2026-10-01T03:10:00-07:00,Brambley,,,,,1011.14,1018.63,0.0,0.0,0.0,266.0,W,0.0,0.0,0.0,0.0,5999.99,,
2026-10-01T10:15:00Z,2026-10-01T03:15:00-07:00,Brambley,,,,,1011.51,1019.03,0.0,0.0,0.96,302.0,WNW,0.0,0.0,0.0,0.0,5999.99,,
2026-10-01T10:20:00Z,2026-10-01T03:20:00-07:00,Brambley,,,,,1010.84,1018.32,0.0,0.0,0.96,290.0,WNW,0.0,0.0,0.0,0.0,5999.99,,
2026-10-01T10:25:00Z,2026-10-01T03:25:00-07:00,Brambley,,,,,1011.24,1018.73,0.0,0.0,0.96,272.0,W,0.0,0.0,0.0,0.0,5999.99,,
2026-10-01T10:30:00Z,2026-10-01T03:30:00-07:00,Brambley,,,,,1011.04,1018.52,0.0,0.0,0.96,286.0,WNW,0.0,0.0,0.0,0.0,5999.99,,
2026-10-01T10:35:00Z,2026-10-01T03:35:00-07:00,Brambley,,,,,1011.24,1018.73,0.0,0.0,0.96,275.0,W,0.0,0.0,0.0,0.0,5999.99,,
2026-10-01T10:40:00Z,2026-10-01T03:40:00-07:00,Brambley,,,,,1011.31,1018.83,0.0,0.0,0.96,274.0,W,0.0,0.0,0.0,0.0,5999.99,,
2026-10-01T10:45:00Z,2026-10-01T03:45:00-07:00,Brambley,,,,,1011.14,1018.63,0.0,0.0,0.96,300.0,WNW,0.0,0.0,0.0,0.0,5999.99,,
2026-10-01T10:50:00Z,2026-10-01T03:50:00-07:00,Brambley,,,,,1011.04,1018.52,0.0,0.0,0.96,274.0,W,0.0,0.0,0.0,0.0,5999.99,,
2026-10-01T10:55:00Z,2026-10-01T03:55:00-07:00,Brambley,,,,,1010.94,1018.42,0.0,0.0,0.96,319.0,NW,0.0,0.0,0.0,0.0,5999.99,,
2026-10-01T11:00:00Z,2026-10-01T04:00:00-07:00,Brambley,,,,,1010.74,1018.22,0.0,0.0,1.91,280.0,W,0.0,0.0,0.0,0.0,5999.99,,
2026-10-01T11:05:00Z,2026-10-01T04:05:00-07:00,Brambley,,,,,1010.84,1018.32,0.0,0.0,1.91,275.0,W,0.0,0.0,0.0,0.0,5999.99,,
2026-10-01T11:10:00Z,2026-10-01T04:10:00-07:00,Brambley,,,,,1011.04,1018.52,0.0,0.0,1.91,276.0,W,0.0,0.0,0.0,0.0,5999.99,,
2026-10-01T11:15:00Z,2026-10-01T04:15:00-07:00,Brambley,,,,,1010.74,1018.22,0.0,0.0,1.91,273.0,W,0.0,0.0,0.0,0.0,5999.99,,
2026-10-01T11:20:00Z,2026-10-01T04:20:00-07:00,Brambley,,,,,1010.84,1018.32,0.0,0.0,1.91,270.0,W,0.0,0.0,0.0,0.0,5999.99,,
2026-10-01T11:25:00Z,2026-10-01T04:25:00-07:00,Brambley,,,,,1011.24,1018.73,0.0,0.0,1.91,271.0,W,0.0,0.0,0.0,0.0,5999.99,,
2026-10-01T11:30:00Z,2026-10-01T04:30:00-07:00,Brambley,,,,,1011.14,1018.63,0.0,0.0,1.91,271.0,W,0.0,0.0,0.0,0.0,5999.99,,
2026-10-01T11:35:00Z,2026-10-01T04:35:00-07:00,Brambley,,,,,1011.14,1018.63,0.0,0.0,1.91,271.0,W,0.0,0.0,0.0,0.0,5999.99,,
2026-10-01T11:40:00Z,2026-10-01T04:40:00-07:00,Brambley,,,,,1011.04,1018.52,0.0,0.0,1.91,271.0,W,0.0,0.0,0.0,0.0,5999.99,,
2026-10-01T11:45:00Z,2026-10-01T04:45:00-07:00,Brambley,,,,,1010.94,1018.42,0.0,0.0,1.91,271.0,W,0.0,0.0,0.0,0.0,5999.99,,
2026-10-01T11:50:00Z,2026-10-01T04:50:00-07:00,Brambley,,,,,1010.94,1018.42,0.0,0.0,1.91,271.0,W,0.0,0.0,0.0,0.0,5999.99,,
2026-10-01T11:55:00Z,2026-10-01T04:55:00-07:00,Brambley,,,,,1011.24,1018.73,0.0,0.0,1.91,271.0,W,0.0,0.0,0.0,0.0,5999.99,,
2026-10-01T12:00:00Z,2026-10-01T05:00:00-07:00,Brambley,,,,,1010.94,1018.42,0.0,0.0,1.91,271.0,W,0.0,0.0,0.0,0.0,5999.99,,
2026-10-01T12:05:00Z,2026-10-01T05:05:00-07:00,Brambley,,,,,1010.94,1018.42,0.0,0.0,1.91,271.0,W,0.0,0.0,0.0,0.0,5999.99,,
2026-10-01T12:10:00Z,2026-10-01T05:10:00-07:00,Brambley,,,,,1010.94,1018.42,0.0,0.0,1.91,271.0,W,0.0,0.0,0.0,0.0,5999.99,,
2026-10-01T12:15:00Z,2026-10-01T05:15:00-07:00,Brambley,,,,,1010.94,1018.42,0.0,0.0,1.91,271.0,W,0.0,0.0,0.0,0.0,5999.99,,
2026-10-01T12:20:00Z,2026-10-01T05:20:00-07:00,Brambley,,,,,1011.04,1018.52,0.0,0.0,1.91,271.0,W,0.0,0.0,0.0,0.0,5999.99,,
2026-10-01T12:25:00Z,2026-10-01T05:25:00-07:00,Brambley,,,,,1011.04,1018.52,0.0,0.0,1.91,272.0,W,0.0,0.0,0.0,0.0,5999.99,,
2026-10-01T12:30:00Z,2026-10-01T05:30:00-07:00,Brambley,,,,,1010.94,1018.42,0.0,0.0,1.91,272.0,W,0.0,0.0,0.0,0.0,5999.99,,
2026-10-01T12:35:00Z,2026-10-01T05:35:00-07:00,Brambley,,,,,1010.84,1018.32,0.0,0.0,1.91,291.0,WNW,0.0,0.0,0.0,0.0,5999.99,,
2026-10-01T12:40:00Z,2026-10-01T05:40:00-07:00,Brambley,,,,,1010.84,1018.32,0.0,0.0,1.91,272.0,W,0.0,0.0,0.0,0.0,5999.99,,
2026-10-01T12:45:00Z,2026-10-01T05:45:00-07:00,Brambley,,,,,1010.84,1018.32,0.0,0.0,1.91,273.0,W,0.0,0.0,0.0,0.0,5999.99,,
2026-10-01T12:50:00Z,2026-10-01T05:50:00-07:00,Brambley,,,,,1010.74,1018.22,0.0,0.0,1.91,285.0,WNW,0.0,0.0,0.0,0.0,5999.99,,
2026-10-01T12:55:00Z,2026-10-01T05:55:00-07:00,Brambley,,,,,1010.74,1018.22,0.0,0.0,1.91,277.0,W,0.0,0.0,0.0,0.0,5999.99,,
2026-10-01T13:00:00Z,2026-10-01T06:00:00-07:00,Brambley,,,,,1010.74,1018.22,0.0,0.0,1.91,271.0,W,0.0,0.0,0.0,0.0,5999.99,,
2026-10-01T13:05:00Z,2026-10-01T06:05:00-07:00,Brambley,,,,,1010.63,1018.12,0.0,0.0,1.91,269.0,W,0.0,0.0,0.0,0.0,5999.99,,
2026-10-01T13:10:00Z,2026-10-01T06:10:00-07:00,Brambley,,,,,1010.63,1018.12,0.0,0.0,1.91,270.0,W,0.0,0.0,0.0,0.0,5999.99,,
2026-10-01T13:15:00Z,2026-10-01T06:15:00-07:00,Brambley,,,,,1010.74,1018.22,0.0,0.0,1.91,272.0,W,0.0,0.0,0.0,0.0,5999.99,,
2026-10-01T13:20:00Z,2026-10-01T06:20:00-07:00,Brambley,,,,,1010.84,1018.32,0.0,0.0,1.91,284.0,WNW,0.0,0.0,0.0,0.0,5999.99,,
2026-10-01T13:25:00Z,2026-10-01T06:25:00-07:00,Brambley,,,,,1010.84,1018.32,0.0,0.0,1.91,278.0,W,0.0,0.0,0.0,0.0,5999.99,,
2026-10-01T13:30:00Z,2026-10-01T06:30:00-07:00,Brambley,,,,,1010.74,1018.22,0.0,0.0,1.91,266.0,W,0.0,0.0,0.0,0.0,5999.99,,
2026-10-01T13:35:00Z,2026-10-01T06:35:00-07:00,Brambley,,,,,1010.94,1018.42,0.0,0.0,1.91,267.0,W,0.0,0.0,0.0,0.0,5999.99,,
2026-10-01T13:40:00Z,2026-10-01T06:40:00-07:00,Brambley,,,,,1010.74,1018.22,0.0,0.0,1.91,276.0,W,0.0,0.0,0.0,0.0,5999.99,,
2026-10-01T13:45:00Z,2026-10-01T06:45:00-07:00,Brambley,,,,,1010.84,1018.32,0.0,0.0,1.91,288.0,WNW,0.0,0.0,0.0,0.0,5999.99,,
2026-10-01T13:50:00Z,2026-10-01T06:50:00-07:00,Brambley,,,,,1010.84,1018.32,0.0,0.0,1.91,302.0,WNW,0.0,0.0,0.0,0.0,5999.99,,
2026-10-01T13:55:00Z,2026-10-01T06:55:00-07:00,Brambley,,,,,1010.94,1018.42,0.0,0.0,1.91,268.0,W,0.0,0.0,0.0,0.0,5999.99,,
2026-10-01T14:00:00Z,2026-10-01T07:00:00-07:00,Brambley,,,,,1010.94,1018.42,0.0,0.0,1.91,269.0,W,0.0,0.0,0.0,0.0,5999.99,,
2026-10-01T14:05:00Z,2026-10-01T07:05:00-07:00,Brambley,,,,,1010.74,1018.22,0.0,0.0,1.91,268.0,W,0.0,0.0,0.0,0.0,5999.99,,
2026-10-01T14:10:00Z,2026-10-01T07:10:00-07:00,Brambley,,,,,1010.74,1018.22,0.0,0.0,1.91,299.0,WNW,0.0,0.0,0.0,0.0,5999.99,,
2026-10-01T14:15:00Z,2026-10-01T07:15:00-07:00,Brambley,,,,,1010.84,1018.32,0.0,0.0,1.91,282.0,WNW,0.0,0.0,0.0,0.0,5999.99,,
2026-10-01T14:20:00Z,2026-10-01T07:20:00-07:00,Brambley,,,,,1010.53,1018.02,0.0,0.0,1.91,314.0,NW,0.0,0.0,0.0,0.0,5999.99,,
2026-10-01T14:25:00Z,2026-10-01T07:25:00-07:00,Brambley,,,,,1010.53,1018.02,0.0,0.0,1.91,331.0,NNW,0.0,0.0,0.0,0.0,5999.99,,
2026-10-01T14:30:00Z,2026-10-01T07:30:00-07:00,Brambley,,,,,1010.43,1017.91,0.0,0.0,1.91,300.0,WNW,0.0,0.0,0.0,0.0,5999.99,,
2026-10-01T14:35:00Z,2026-10-01T07:35:00-07:00,Brambley,,,,,1010.84,1018.32,0.0,0.0,1.91,337.0,NNW,0.0,0.0,0.0,0.0,5999.99,,
2026-10-01T14:40:00Z,2026-10-01T07:40:00-07:00,Brambley,,,,,1010.84,1018.32,0.17,0.96,1.91,340.0,NNW,0.0,0.0,0.0,0.0,5999.99,,
2026-10-01T14:45:00Z,2026-10-01T07:45:00-07:00,Brambley,,,,,1010.74,1018.22,0.0,0.0,1.91,320.0,NW,0.0,0.0,0.0,0.0,5999.99,,
2026-10-01T14:50:00Z,2026-10-01T07:50:00-07:00,Brambley,,,,,1010.84,1018.32,0.0,0.0,1.91,288.0,WNW,0.0,0.0,0.0,0.0,5999.99,,
2026-10-01T14:55:00Z,2026-10-01T07:55:00-07:00,Brambley,,,,,1010.94,1018.42,0.0,0.0,1.91,275.0,W,0.0,0.0,0.0,0.0,5999.99,,
2026-10-01T15:00:00Z,2026-10-01T08:00:00-07:00,Brambley,,,,,1011.04,1018.52,0.0,0.0,1.91,286.0,WNW,0.0,0.0,0.0,0.0,5999.99,,
2026-10-01T15:05:00Z,2026-10-01T08:05:00-07:00,Brambley,,,,,1011.04,1018.52,0.0,0.0,1.91,268.0,W,0.0,0.0,0.0,0.0,5999.99,,
2026-10-01T15:10:00Z,2026-10-01T08:10:00-07:00,Brambley,,,,,1011.04,1018.52,0.0,0.0,1.91,263.0,W,0.0,0.0,0.0,0.0,5999.99,,
2026-10-01T15:15:00Z,2026-10-01T08:15:00-07:00,Brambley,,,,,1011.24,1018.73,0.0,0.0,1.91,261.0,W,0.0,0.0,0.0,0.0,5999.99,,
2026-10-01T15:20:00Z,2026-10-01T08:20:00-07:00,Brambley,,,,,1011.24,1018.73,0.0,0.0,1.91,261.0,W,0.0,0.0,0.0,0.0,5999.99,,
2026-10-01T15:25:00Z,2026-10-01T08:25:00-07:00,Brambley,,,,,1011.31,1018.83,0.0,0.0,1.91,261.0,W,0.0,0.0,0.0,0.0,5999.99,,
2026-10-01T15:30:00Z,2026-10-01T08:30:00-07:00,Brambley,,,,,1011.41,1018.93,0.0,0.0,1.91,261.0,W,0.0,0.0,0.0,0.0,5999.99,,
2026-10-01T15:35:00Z,2026-10-01T08:35:00-07:00,Brambley,,,,,1011.51,1019.03,0.0,0.0,1.91,272.0,W,0.0,0.0,0.0,0.0,5999.99,,
2026-10-01T15:40:00Z,2026-10-01T08:40:00-07:00,Brambley,,,,,1011.41,1018.93,0.0,0.0,1.91,268.0,W,0.0,0.0,0.0,0.0,5999.99,,
2026-10-01T15:45:00Z,2026-10-01T08:45:00-07:00,Brambley,,,,,1011.31,1018.83,0.0,0.0,1.91,265.0,W,0.0,0.0,0.0,0.0,5999.99,,
2026-10-01T15:50:00Z,2026-10-01T08:50:00-07:00,Brambley,,,,,1011.04,1018.52,0.0,0.0,1.91,291.0,WNW,0.0,0.0,0.0,0.0,5999.99,,
2026-10-01T15:55:00Z,2026-10-01T08:55:00-07:00,Brambley,,,,,1011.04,1018.52,0.0,0.0,1.91,264.0,W,0.0,0.0,0.0,0.0,5999.99,,
2026-10-01T16:00:00Z,2026-10-01T09:00:00-07:00,Brambley,,,,,1011.14,1018.63,0.0,0.0,1.91,283.0,WNW,0.0,0.0,0.0,0.0,5999.99,,
2026-10-01T16:05:00Z,2026-10-01T09:05:00-07:00,Brambley,,,,,1011.41,1018.93,0.0,0.0,1.91,265.0,W,0.0,0.0,0.0,0.0,5999.99,,
2026-10-01T16:10:00Z,2026-10-01T09:10:00-07:00,Brambley,,,,,1011.31,1018.83,0.0,0.0,1.91,267.0,W,0.0,0.0,0.0,0.0,5999.99,,
2026-10-01T16:15:00Z,2026-10-01T09:15:00-07:00,Brambley,,,,,1011.31,1018.83,0.0,0.0,1.91,271.0,W,0.0,0.0,0.0,0.0,5999.99,,
2026-10-01T16:20:00Z,2026-10-01T09:20:00-07:00,Brambley,,,,,1011.14,1018.63,0.0,0.0,1.91,278.0,W,0.0,0.0,0.0,0.0,5999.99,,
2026-10-01T16:25:00Z,2026-10-01T09:25:00-07:00,Brambley,,,,,1011.41,1018.93,0.0,0.0,1.91,267.0,W,0.0,0.0,0.0,0.0,5999.99,,
2026-10-01T16:30:00Z,2026-10-01T09:30:00-07:00,Brambley,,,,,1011.24,1018.73,0.0,0.0,1.91,280.0,W,0.0,0.0,0.0,0.0,5999.99,,
2026-10-01T16:35:00Z,2026-10-01T09:35:00-07:00,Brambley,,,,,1011.41,1018.93,0.0,0.0,1.91,272.0,W,0.0,0.0,0.0,0.0,5999.99,,
2026-10-01T16:40:00Z,2026-10-01T09:40:00-07:00,Brambley,,,,,1011.41,1018.93,0.0,0.0,1.91,264.0,W,0.0,0.0,0.0,0.0,5999.99,,
2026-10-01T16:45:00Z,2026-10-01T09:45:00-07:00,Brambley,,,,,1011.31,1018.83,0.0,0.0,1.91,271.0,W,0.0,0.0,0.0,0.0,5999.99,,
2026-10-01T16:50:00Z,2026-10-01T09:50:00-07:00,Brambley,,,,,1011.04,1018.52,0.0,0.0,1.91,279.0,W,0.0,0.0,0.0,0.0,5999.99,,
2026-10-01T16:55:00Z,2026-10-01T09:55:00-07:00,Brambley,,,,,1011.14,1018.63,0.0,0.0,1.91,269.0,W,0.0,0.0,0.0,0.0,5999.99,,
2026-10-01T17:00:00Z,2026-10-01T10:00:00-07:00,Brambley,,,,,1011.31,1018.83,0.0,0.0,1.91,257.0,WSW,0.0,0.0,0.0,0.0,5999.99,,
2026-10-01T17:05:00Z,2026-10-01T10:05:00-07:00,Brambley,,,,,1011.31,1018.83,0.0,0.0,1.91,262.0,W,0.0,0.0,0.0,0.0,5999.99,,
2026-10-01T17:10:00Z,2026-10-01T10:10:00-07:00,Brambley,,,,,1011.14,1018.63,0.0,0.0,1.91,263.0,W,0.0,0.0,0.0,0.0,5999.99,,
2026-10-01T17:15:00Z,2026-10-01T10:15:00-07:00,Brambley,,,,,1011.41,1018.93,0.0,0.0,1.91,268.0,W,0.0,0.0,0.0,0.0,5999.99,,
2026-10-01T17:20:00Z,2026-10-01T10:20:00-07:00,Brambley,,,,,1011.41,1018.93,0.0,0.0,1.91,264.0,W,0.0,0.0,0.0,0.0,5999.99,,
2026-10-01T17:25:00Z,2026-10-01T10:25:00-07:00,Brambley,,,,,1011.51,1019.03,0.0,0.0,1.91,265.0,W,0.0,0.0,0.0,0.0,5999.99,,
2026-10-01T17:30:00Z,2026-10-01T10:30:00-07:00,Brambley,,,,,1011.31,1018.83,0.0,0.0,1.91,259.0,W,0.0,0.0,0.0,0.0,5999.99,,
2026-10-01T17:36:00Z,2026-10-01T10:36:00-07:00,Brambley,,,,,1011.51,1019.03,0.0,0.0,1.91,277.0,W,0.0,0.0,0.0,0.0,5999.99,,
2026-10-01T17:40:00Z,2026-10-01T10:40:00-07:00,Brambley,,,,,1011.31,1018.83,0.0,0.0,1.91,270.0,W,0.0,0.0,0.0,0.0,5999.99,,
2026-10-01T17:45:00Z,2026-10-01T10:45:00-07:00,Brambley,,,,,1011.14,1018.63,0.0,0.0,1.91,262.0,W,0.0,0.0,0.0,0.0,5999.99,,
2026-10-01T17:50:00Z,2026-10-01T10:50:00-07:00,Brambley,,,,,1011.31,1018.83,0.0,0.0,1.91,263.0,W,0.0,0.0,0.0,0.0,5999.99,,
2026-10-01T17:55:00Z,2026-10-01T10:55:00-07:00,Brambley,,,,,1011.41,1018.93,0.61,0.96,1.91,291.0,WNW,0.0,0.0,0.0,0.0,5999.99,,
2026-10-01T18:00:00Z,2026-10-01T11:00:00-07:00,Brambley,,,,,1011.14,1018.63,0.0,0.0,1.91,267.0,W,0.0,0.0,0.0,0.0,5999.99,,
2026-10-01T18:06:00Z,2026-10-01T11:06:00-07:00,Brambley,,,,,1011.31,1018.83,0.0,0.0,1.91,266.0,W,0.0,0.0,0.0,0.0,5999.99,,
2026-10-01T18:10:00Z,2026-10-01T11:10:00-07:00,Brambley,,,,,1011.04,1018.52,0.0,0.0,1.91,263.0,W,0.0,0.0,0.0,0.0,5999.99,,
2026-10-01T18:15:00Z,2026-10-01T11:15:00-07:00,Brambley,,,,,1011.14,1018.63,0.0,0.0,1.91,262.0,W,0.0,0.0,0.0,0.0,5999.99,,
2026-10-01T18:20:00Z,2026-10-01T11:20:00-07:00,Brambley,,,,,1011.14,1018.63,0.0,0.0,1.91,287.0,WNW,0.0,0.0,0.0,0.0,5999.99,,
2026-10-01T18:25:00Z,2026-10-01T11:25:00-07:00,Brambley,,,,,1011.24,1018.73,0.0,0.0,1.91,296.0,WNW,0.0,0.0,0.0,0.0,5999.99,,
2026-10-01T18:30:00Z,2026-10-01T11:30:00-07:00,Brambley,,,,,1011.31,1018.83,0.0,0.0,1.91,270.0,W,0.0,0.0,0.0,0.0,5999.99,,
2026-10-01T18:35:00Z,2026-10-01T11:35:00-07:00,Brambley,,,,,1011.31,1018.83,0.0,0.0,1.91,263.0,W,0.0,0.0,0.0,0.0,5999.99,,
2026-10-01T18:40:00Z,2026-10-01T11:40:00-07:00,Brambley,,,,,1010.94,1018.42,0.0,0.0,1.91,261.0,W,0.0,0.0,0.0,0.0,5999.99,,
2026-10-01T18:45:00Z,2026-10-01T11:45:00-07:00,Brambley,,,,,1011.24,1018.73,0.0,0.0,1.91,264.0,W,0.0,0.0,0.0,0.0,5999.99,,
2026-10-01T18:50:00Z,2026-10-01T11:50:00-07:00,Brambley,,,,,1011.31,1018.83,0.0,0.0,1.91,247.0,WSW,0.0,0.0,0.0,0.0,5999.99,,
2026-10-01T18:55:00Z,2026-10-01T11:55:00-07:00,Brambley,,,,,1011.24,1018.73,0.78,0.96,1.91,216.0,SW,0.0,0.0,0.0,0.0,5999.99,,
2026-10-01T19:00:00Z,2026-10-01T12:00:00-07:00,Brambley,,,,,1011.24,1018.73,0.0,0.0,1.91,249.0,WSW,0.0,0.0,0.0,0.0,5999.99,,
2026-10-01T19:06:00Z,2026-10-01T12:06:00-07:00,Brambley,,,,,1011.24,1018.73,0.0,0.0,1.91,258.0,WSW,0.0,0.0,0.0,0.0,5999.99,,
2026-10-01T19:10:00Z,2026-10-01T12:10:00-07:00,Brambley,,,,,1011.31,1018.83,0.0,0.0,1.91,262.0,W,0.0,0.0,0.0,0.0,5999.99,,
2026-10-01T19:15:00Z,2026-10-01T12:15:00-07:00,Brambley,,,,,1011.24,1018.73,0.0,0.0,1.91,262.0,W,0.0,0.0,0.0,0.0,5999.99,,
2026-10-01T19:20:00Z,2026-10-01T12:20:00-07:00,Brambley,,,,,1011.04,1018.52,0.35,1.91,2.95,213.0,SSW,0.0,0.0,0.0,0.0,5999.99,,
2026-10-01T19:25:00Z,2026-10-01T12:25:00-07:00,Brambley,,,,,1011.14,1018.63,3.3,3.91,5.04,240.0,WSW,0.0,0.0,0.0,0.0,5999.99,,
2026-10-01T19:30:00Z,2026-10-01T12:30:00-07:00,Brambley,,,,,1011.51,1019.03,2.52,2.95,5.04,258.0,WSW,0.0,0.0,0.0,0.0,5999.99,,
2026-10-01T19:35:00Z,2026-10-01T12:35:00-07:00,Brambley,,,,,1011.41,1018.93,2.95,3.91,6.0,243.0,WSW,0.0,0.0,0.0,0.0,5999.99,,
2026-10-01T19:40:00Z,2026-10-01T12:40:00-07:00,Brambley,,,,,1011.72,1019.24,2.95,3.91,6.0,243.0,WSW,0.0,0.0,0.0,0.0,5999.99,,
2026-10-01T19:45:00Z,2026-10-01T12:45:00-07:00,Brambley,,,,,1011.62,1019.13,3.48,3.91,6.0,246.0,WSW,0.0,0.0,0.0,0.0,5999.99,,
2026-10-01T19:50:00Z,2026-10-01T12:50:00-07:00,Brambley,,,,,1011.41,1018.93,1.91,1.91,6.0,246.0,WSW,0.0,0.0,0.0,0.0,5999.99,,
2026-10-01T19:55:00Z,2026-10-01T12:55:00-07:00,Brambley,,,,,1011.62,1019.13,2.52,2.95,6.0,250.0,WSW,0.0,0.0,0.0,0.0,5999.99,,
2026-10-01T20:00:00Z,2026-10-01T13:00:00-07:00,Brambley,,,,,1011.31,1018.83,0.61,0.96,6.0,246.0,WSW,0.0,0.0,0.0,0.0,5999.99,,
2026-10-01T20:05:00Z,2026-10-01T13:05:00-07:00,Brambley,,,,,1011.41,1018.93,4.08,5.04,6.0,255.0,WSW,0.0,0.0,0.0,0.0,5999.99,,
2026-10-01T20:10:00Z,2026-10-01T13:10:00-07:00,Brambley,,,,,1011.51,1019.03,2.35,2.95,6.0,241.0,WSW,0.0,0.0,0.0,0.0,5999.99,,
2026-10-01T20:15:00Z,2026-10-01T13:15:00-07:00,Brambley,,,,,1011.41,1018.93,2.35,2.95,6.0,248.0,WSW,0.0,0.0,0.0,0.0,5999.99,,
2026-10-01T20:20:00Z,2026-10-01T13:20:00-07:00,Brambley,,,,,1011.31,1018.83,2.95,3.91,6.0,273.0,W,0.0,0.0,0.0,0.0,5999.99,,
2026-10-01T20:25:00Z,2026-10-01T13:25:00-07:00,Brambley,,,,,1011.31,1018.83,3.48,3.91,6.0,242.0,WSW,0.0,0.0,0.0,0.0,5999.99,,
2026-10-01T20:30:00Z,2026-10-01T13:30:00-07:00,Brambley,,,,,1011.14,1018.63,2.95,2.95,6.0,243.0,WSW,0.0,0.0,0.0,0.0,5999.99,,
2026-10-01T20:35:00Z,2026-10-01T13:35:00-07:00,Brambley,,,,,1011.24,1018.73,1.74,1.91,6.0,248.0,WSW,0.0,0.0,0.0,0.0,5999.99,,
2026-10-01T20:40:00Z,2026-10-01T13:40:00-07:00,Brambley,,,,,1010.94,1018.42,3.91,3.91,6.0,254.0,WSW,0.0,0.0,0.0,0.0,5999.99,,
2026-10-01T20:45:00Z,2026-10-01T13:45:00-07:00,Brambley,,,,,1011.04,1018.52,2.35,2.95,6.0,245.0,WSW,0.0,0.0,0.0,0.0,5999.99,,
2026-10-01T20:50:00Z,2026-10-01T13:50:00-07:00,Brambley,,,,,1010.84,1018.32,0.96,2.95,6.0,244.0,WSW,0.0,0.0,0.0,0.0,5999.99,,
2026-10-01T20:55:00Z,2026-10-01T13:55:00-07:00,Brambley,,,,,1010.84,1018.32,2.95,2.95,6.0,238.0,WSW,0.0,0.0,0.0,0.0,5999.99,,
2026-10-01T21:00:00Z,2026-10-01T14:00:00-07:00,Brambley,,,,,1010.84,1018.32,3.48,3.91,6.0,251.0,WSW,0.0,0.0,0.0,0.0,5999.99,,
2026-10-01T21:05:00Z,2026-10-01T14:05:00-07:00,Brambley,,,,,1010.74,1018.22,3.3,3.91,6.0,260.0,W,0.0,0.0,0.0,0.0,5999.99,,
2026-10-01T21:10:00Z,2026-10-01T14:10:00-07:00,Brambley,,,,,1010.84,1018.32,3.13,3.91,6.0,238.0,WSW,0.0,0.0,0.0,0.0,5999.99,,
2026-10-01T21:15:00Z,2026-10-01T14:15:00-07:00,Brambley,,,,,1010.84,1018.32,1.91,1.91,6.0,233.0,SW,0.0,0.0,0.0,0.0,5999.99,,
2026-10-01T21:20:00Z,2026-10-01T14:20:00-07:00,Brambley,,,,,1010.63,1018.12,1.56,1.91,6.0,231.0,SW,0.0,0.0,0.0,0.0,5999.99,,
2026-10-01T21:25:00Z,2026-10-01T14:25:00-07:00,Brambley,,,,,1010.63,1018.12,0.0,0.0,6.0,255.0,WSW,0.0,0.0,0.0,0.0,5999.99,,
2026-10-01T21:30:00Z,2026-10-01T14:30:00-07:00,Brambley,,,,,1010.63,1018.12,1.91,2.95,6.0,252.0,WSW,0.0,0.0,0.0,0.0,5999.99,,
2026-10-01T21:35:00Z,2026-10-01T14:35:00-07:00,Brambley,,,,,1010.63,1018.12,1.74,1.91,6.0,247.0,WSW,0.0,0.0,0.0,0.0,5999.99,,
2026-10-01T21:40:00Z,2026-10-01T14:40:00-07:00,Brambley,,,,,1010.63,1018.12,2.95,3.91,6.0,234.0,SW,0.0,0.0,0.0,0.0,5999.99,,
2026-10-01T21:45:00Z,2026-10-01T14:45:00-07:00,Brambley,,,,,1010.53,1018.02,2.52,2.95,6.0,235.0,SW,0.0,0.0,0.0,0.0,5999.99,,
2026-10-01T21:50:00Z,2026-10-01T14:50:00-07:00,Brambley,,,,,1010.63,1018.12,2.52,2.95,6.0,242.0,WSW,0.0,0.0,0.0,0.0,5999.99,,
2026-10-01T21:55:00Z,2026-10-01T14:55:00-07:00,Brambley,,,,,1010.53,1018.02,2.95,2.95,6.0,247.0,WSW,0.0,0.0,0.0,0.0,5999.99,,
2026-10-01T22:00:00Z,2026-10-01T15:00:00-07:00,Brambley,,,,,1010.43,1017.91,2.69,2.95,6.0,236.0,SW,0.0,0.0,0.0,0.0,5999.99,,
2026-10-01T22:05:00Z,2026-10-01T15:05:00-07:00,Brambley,,,,,1010.53,1018.02,1.56,1.91,6.0,251.0,WSW,0.0,0.0,0.0,0.0,5999.99,,
2026-10-01T22:10:00Z,2026-10-01T15:10:00-07:00,Brambley,,,,,1010.33,1017.81,2.17,2.95,6.0,240.0,WSW,0.0,0.0,0.0,0.0,5999.99,,
2026-10-01T22:15:00Z,2026-10-01T15:15:00-07:00,Brambley,,,,,1010.33,1017.81,0.17,0.96,6.0,255.0,WSW,0.0,0.0,0.0,0.0,5999.99,,
2026-10-01T22:20:00Z,2026-10-01T15:20:00-07:00,Brambley,,,,,1010.13,1017.61,1.39,1.91,6.0,245.0,WSW,0.0,0.0,0.0,0.0,5999.99,,
2026-10-01T22:25:00Z,2026-10-01T15:25:00-07:00,Brambley,,,,,1010.23,1017.71,0.61,0.96,6.0,240.0,WSW,0.0,0.0,0.0,0.0,5999.99,,
2026-10-01T22:30:00Z,2026-10-01T15:30:00-07:00,Brambley,,,,,1010.13,1017.61,0.17,0.96,6.0,255.0,WSW,0.0,0.0,0.0,0.0,5999.99,,
2026-10-01T22:35:00Z,2026-10-01T15:35:00-07:00,Brambley,,,,,1010.02,1017.54,1.56,1.91,6.0,253.0,WSW,0.0,0.0,0.0,0.0,5999.99,,
2026-10-01T22:40:00Z,2026-10-01T15:40:00-07:00,Brambley,,,,,1010.02,1017.54,2.52,2.95,6.0,249.0,WSW,0.0,0.0,0.0,0.0,5999.99,,
2026-10-01T22:45:00Z,2026-10-01T15:45:00-07:00,Brambley,,,,,1010.23,1017.71,1.74,1.91,6.0,242.0,WSW,0.0,0.0,0.0,0.0,5999.99,,
2026-10-01T22:50:00Z,2026-10-01T15:50:00-07:00,Brambley,,,,,1010.23,1017.71,0.0,0.0,6.0,259.0,W,0.0,0.0,0.0,0.0,5999.99,,
2026-10-01T22:55:00Z,2026-10-01T15:55:00-07:00,Brambley,,,,,1010.13,1017.61,0.0,0.0,6.0,244.0,WSW,0.0,0.0,0.0,0.0,5999.99,,
2026-10-01T23:00:00Z,2026-10-01T16:00:00-07:00,Brambley,,,,,1010.02,1017.54,0.17,0.96,6.0,246.0,WSW,0.0,0.0,0.0,0.0,5999.99,,
2026-10-01T23:05:00Z,2026-10-01T16:05:00-07:00,Brambley,,,,,1010.02,1017.54,2.69,3.91,6.0,253.0,WSW,0.0,0.0,0.0,0.0,5999.99,,
2026-10-01T23:10:00Z,2026-10-01T16:10:00-07:00,Brambley,,,,,1009.72,1017.24,2.69,2.95,6.0,239.0,WSW,0.0,0.0,0.0,0.0,5999.99,,
2026-10-01T23:15:00Z,2026-10-01T16:15:00-07:00,Brambley,,,,,1009.82,1017.34,0.61,0.96,6.0,238.0,WSW,0.0,0.0,0.0,0.0,5999.99,,
2026-10-01T23:20:00Z,2026-10-01T16:20:00-07:00,Brambley,,,,,1009.82,1017.34,1.39,1.91,6.0,246.0,WSW,0.0,0.0,0.0,0.0,5999.99,,
2026-10-01T23:25:00Z,2026-10-01T16:25:00-07:00,Brambley,,,,,1009.72,1017.24,2.69,2.95,6.0,251.0,WSW,0.0,0.0,0.0,0.0,5999.99,,
2026-10-01T23:30:00Z,2026-10-01T16:30:00-07:00,Brambley,,,,,1009.72,1017.24,1.13,1.91,6.0,248.0,WSW,0.0,0.0,0.0,0.0,5999.99,,
2026-10-01T23:35:00Z,2026-10-01T16:35:00-07:00,Brambley,,,,,1009.62,1017.14,0.96,1.91,6.0,243.0,WSW,0.0,0.0,0.0,0.0,5999.99,,
2026-10-01T23:40:00Z,2026-10-01T16:40:00-07:00,Brambley,,,,,1009.72,1017.24,1.39,1.91,6.0,245.0,WSW,0.0,0.0,0.0,0.0,5999.99,,
2026-10-01T23:45:00Z,2026-10-01T16:45:00-07:00,Brambley,,,,,1009.52,1017.03,0.0,0.0,6.0,252.0,WSW,0.0,0.0,0.0,0.0,5999.99,,
2026-10-01T23:50:00Z,2026-10-01T16:50:00-07:00,Brambley,,,,,1009.41,1016.93,0.0,0.0,6.0,250.0,WSW,0.0,0.0,0.0,0.0,5999.99,,
2026-10-01T23:55:00Z,2026-10-01T16:55:00-07:00,Brambley,,,,,1009.41,1016.93,0.61,0.96,6.0,252.0,WSW,0.0,0.0,0.0,0.0,5999.99,,
2026-10-02T00:00:00Z,2026-10-01T17:00:00-07:00,Brambley,,,,,1009.41,1016.93,0.0,0.0,6.0,241.0,WSW,0.0,0.0,0.0,0.0,5999.99,,
2026-10-02T00:05:00Z,2026-10-01T17:05:00-07:00,Brambley,,,,,1009.21,1016.73,0.0,0.0,6.0,245.0,WSW,0.0,0.0,0.0,0.0,5999.99,,
2026-10-02T00:10:00Z,2026-10-01T17:10:00-07:00,Brambley,,,,,1009.41,1016.93,0.17,0.96,6.0,257.0,WSW,0.0,0.0,0.0,0.0,5999.99,,
2026-10-02T00:15:00Z,2026-10-01T17:15:00-07:00,Brambley,,,,,1009.31,1016.83,0.17,0.96,6.0,250.0,WSW,0.0,0.0,0.0,0.0,5999.99,,
2026-10-02T00:20:00Z,2026-10-01T17:20:00-07:00,Brambley,,,,,1009.31,1016.83,1.91,1.91,6.0,238.0,WSW,0.0,0.0,0.0,0.0,5999.99,,
2026-10-02T00:25:00Z,2026-10-01T17:25:00-07:00,Brambley,,,,,1009.31,1016.83,1.13,1.91,6.0,256.0,WSW,0.0,0.0,0.0,0.0,5999.99,,
2026-10-02T00:30:00Z,2026-10-01T17:30:00-07:00,Brambley,,,,,1009.31,1016.83,1.56,1.91,6.0,258.0,WSW,0.0,0.0,0.0,0.0,5999.99,,
2026-10-02T00:35:00Z,2026-10-01T17:35:00-07:00,Brambley,,,,,1009.52,1017.03,0.61,0.96,6.0,250.0,WSW,0.0,0.0,0.0,0.0,5999.99,,
